Actual Temperature,Predicted Temperature,Actual Dew Point,Predicted Dew Point,Actual Humidity,Predicted Humidity,Actual Sea Level Pressure,Predicted Sea Level Pressure,Actual Visibility,Predicted Visibility,Actual Wind Speed,Predicted Wind Speed
71.0,66.89278690277207,70.0,54.01074148848848,90.0,66.86764133364888,29.73,29.894217062787362,4.0,9.274246118907536,8.0,4.530717287683325
82.0,84.20736754763863,71.0,72.90738244864629,73.0,71.51808626588456,29.96,29.9784567845042,10.0,9.515234947653347,3.0,4.456890695261485
89.0,87.76332293285842,68.0,71.5989767755349,58.0,64.95059302151482,30.0,29.89177451002404,10.0,9.709618536900717,2.0,5.23483125125368
59.0,51.92617808268369,45.0,37.08793352411614,70.0,64.714765637462,30.05,30.206250419943718,5.0,8.245462598357951,4.0,4.793747118902298
81.0,82.4016990596008,72.0,71.44568988081183,75.0,73.11954969846832,30.0,30.115667643437632,7.0,8.898247836034017,3.0,4.102252428874734
74.0,66.4352948292758,65.0,52.96046737143145,79.0,66.19145348316319,29.89,29.924084472340986,10.0,9.269835227694411,7.0,4.93752958316053
84.0,80.35661100277207,73.0,71.70654499627919,73.0,76.96360402807298,30.1,29.995742769153775,10.0,8.91352937363104,5.0,5.416453242436639
88.0,86.86246409937408,72.0,71.50167719587476,63.0,66.12680512179092,30.02,29.901930370734977,10.0,9.658138707460166,7.0,5.246248794135415
61.0,50.6141970449642,51.0,40.14151304127097,69.0,69.18907661742838,30.08,30.298783500652814,9.0,8.689097899716876,3.0,4.772785122610834
67.0,73.2121643231104,65.0,62.626430783868884,91.0,74.14833245551236,30.14,29.990392567851465,8.0,8.238693030065603,5.0,5.314661125707869
84.0,79.00316588840066,72.0,68.93407089053979,73.0,73.86040277628129,29.96,30.01021959651951,9.0,9.102616205257554,4.0,4.050695411554087
84.0,77.49736599490913,72.0,67.0508397434699,72.0,73.1263817692502,30.0,29.950977221246116,9.0,8.643241819643496,4.0,4.874776589376593
66.0,63.86279543863026,53.0,43.784451887139554,66.0,55.04658783857225,29.95,29.950617924991846,10.0,9.545019550160593,5.0,5.076034067498533
71.0,70.95281930234269,61.0,62.880929890215484,74.0,76.99587478922734,29.99,30.129022202578952,10.0,8.550867542985825,4.0,4.455172388626476
60.0,73.71555745564919,27.0,63.04226381816464,51.0,71.33377244611711,30.38,30.105173346630618,10.0,9.038896701886713,9.0,4.312806193545158
79.0,80.40374971216175,73.0,70.04834544521155,76.0,75.10699390556489,29.84,29.899962553832363,8.0,8.588745133784036,7.0,5.841224185098466
79.0,76.76976192892134,71.0,65.06298187159247,78.0,74.6345259328055,30.03,29.89439846979144,8.0,7.991348576036934,6.0,5.444833060367635
73.0,74.783564164805,61.0,61.08190293535675,73.0,69.03233200476734,30.09,29.943910781387654,9.0,8.703057467129986,5.0,5.627486006176362
89.0,85.69486250459684,72.0,67.31978033146952,61.0,61.63748148868601,29.73,29.709287358208776,10.0,9.641547386889043,8.0,5.996648835412524
70.0,73.51100219336344,48.0,50.86902167423317,51.0,52.18586626076592,30.12,29.986352737615046,10.0,9.787777544651354,4.0,5.576361739915778
66.0,54.2544337785238,51.0,40.72707510402542,66.0,63.5245322858289,29.94,30.04733641569917,10.0,9.132817206481567,4.0,4.669620519339632
71.0,68.38305514594704,69.0,59.226699670093794,91.0,72.88153633966519,30.1,30.036143818967936,8.0,9.106147394495622,7.0,5.090950756091308
87.0,87.91206695519924,71.0,74.0832811966004,66.0,68.37001377963715,30.01,29.936205568320716,10.0,9.691584187812001,3.0,4.45740166220655
89.0,89.09237854837885,67.0,70.02564420752675,54.0,60.73021385682891,29.97,29.922131506209464,10.0,9.852487991259318,5.0,5.59060296263457
76.0,65.9903710913229,65.0,50.83834394819611,73.0,63.62919587923933,29.58,29.86910294825852,10.0,9.378771348896295,7.0,4.462978022824155
83.0,83.14228911660634,66.0,64.78258886607985,60.0,60.59241577280465,29.9,29.885329400174,10.0,9.844929812015698,4.0,4.226564803334278
72.0,71.5284163793947,55.0,58.46033534511774,63.0,69.12047564609976,30.06,29.963035564913497,10.0,8.668958698504925,4.0,5.146720070008342
80.0,75.43747749372274,70.0,63.538475740789934,73.0,71.36491128061428,29.88,29.826415732788185,7.0,8.86142255310476,3.0,6.0804944150467986
87.0,84.39639666891365,71.0,66.7878989952621,64.0,62.139740959832345,29.94,29.88231239916002,10.0,9.687986507737032,4.0,5.545020813926875
63.0,64.69732296613486,58.0,50.441470341595945,80.0,63.630826997325464,30.02,30.2425889915677,10.0,9.487393973746356,5.0,3.973169091549513
62.0,64.12126300213556,34.0,47.23257605667928,38.0,64.02965827510378,29.75,29.59340555404284,10.0,8.257315332700415,11.0,5.434458374751833
89.0,85.9811330808571,71.0,67.60617424139885,61.0,62.911520347660066,29.99,29.79706060343658,10.0,9.30651853697677,6.0,6.492489100477304
78.0,70.3295987172435,69.0,62.07328804248537,79.0,78.31258104105319,29.9,29.70947831231167,6.0,8.273825134450737,5.0,5.799415627741503
64.0,72.64998030797095,61.0,62.086896646969095,89.0,74.11719091183954,30.09,29.92053633451543,6.0,8.546771171015372,4.0,5.2931519801853115
52.0,53.57590881566513,49.0,40.34786486467448,88.0,65.44176028866886,30.09,29.991772615562617,3.0,8.715847840335794,4.0,5.179041962943369
86.0,84.29105861212014,69.0,71.10045765483629,63.0,69.33424623487565,29.9,29.934409723000297,10.0,9.61063720164874,6.0,4.435232569077493
76.0,73.73757221757685,67.0,59.10073782836467,78.0,67.97549136001078,29.8,29.82984195767603,9.0,8.60985060162169,9.0,6.451262727345771
57.0,40.1054471835409,47.0,24.333989285869293,69.0,57.01352933806656,30.3,30.689590619258837,10.0,9.331395110874125,5.0,3.844031271678028
63.0,58.421344315355306,45.0,47.65499377837793,61.0,69.57745801004656,30.05,29.904397576826984,10.0,8.86842537035192,5.0,6.156799804853231
84.0,82.5457861820451,72.0,71.92599742428713,75.0,72.53476092020595,29.97,30.032170119174104,9.0,9.179106381310959,5.0,4.050406137272179
68.0,68.78766497905461,50.0,52.48603579271641,56.0,62.36153648408183,30.23,30.050810417608137,10.0,9.462922381077385,4.0,5.315737390134236
76.0,66.28872818397805,66.0,57.92712399175055,76.0,78.02171395458073,29.94,30.141434262128517,10.0,7.797626623032258,9.0,4.914346978662557
70.0,71.61517185722259,45.0,44.795246938199085,46.0,46.12688524724183,30.19,30.230523745554027,10.0,10.225887925214485,4.0,4.168630797310655
89.0,87.820284950033,68.0,68.95717565491553,52.0,61.569586776299595,29.93,29.80953643850161,10.0,9.8339007791209,4.0,5.191691717644547
53.0,41.01684072148574,41.0,30.684701397439525,68.0,71.1593830529021,29.95,30.22486511948249,6.0,7.4758976727757,2.0,5.222378854133108
71.0,71.54518535994049,58.0,55.1150503226951,67.0,61.88371273979455,29.98,30.006272147009888,10.0,9.57428311224601,6.0,4.490562259574541
74.0,62.9138885116152,56.0,45.13157052000554,57.0,58.244924765307495,29.95,29.9393258469296,10.0,9.40044153722893,4.0,5.121404239634991
64.0,66.40054912426437,45.0,48.66977517657894,57.0,57.85671800954155,30.17,30.261687717475652,10.0,9.697850574496304,2.0,3.863509144078336
35.0,47.554332671158406,29.0,34.93517189985249,80.0,68.51566534763332,30.24,30.06280539668595,5.0,8.182674284224264,9.0,6.504829360121555
45.0,50.46220217423006,27.0,38.60004073897365,59.0,71.15275761207643,30.25,29.92133802076972,10.0,8.142858817661361,7.0,6.637391639078656
34.0,47.436960941175684,29.0,39.628397572421605,87.0,74.06564969344531,30.45,30.135283293170307,7.0,8.016424084368536,9.0,5.721062114611149
62.0,62.684331781249526,51.0,57.81542696987519,69.0,78.9567233546745,30.31,30.29610306412429,10.0,8.943544154802622,2.0,4.70194786425064
87.0,83.68979179162606,69.0,71.32787666748179,60.0,70.31067515917475,29.92,29.874495394006598,10.0,9.485510269135885,5.0,4.86362526276001
71.0,66.48780759404045,56.0,47.93819456832114,67.0,58.57280233939402,30.06,30.039216327060448,10.0,9.591567104492826,8.0,4.783887147834605
74.0,68.63083766747083,63.0,55.95831020503907,70.0,68.26935963811187,30.04,29.84696214839699,10.0,9.099042758072493,8.0,6.293023549906021
89.0,87.81390147665189,69.0,69.53633065620583,58.0,62.24812763558458,29.96,29.85154739063739,10.0,9.815735300012058,4.0,5.197405851639703
63.0,79.9709472429436,60.0,66.26091228693348,92.0,67.5163094778863,30.19,29.975678738255276,5.0,9.151214406016814,5.0,5.177415333686704
67.0,54.363552623743836,52.0,47.64867810435716,63.0,76.3991998025246,29.7,30.020650818236124,10.0,8.444090001339882,5.0,5.0125319798661785
65.0,69.60568453692773,56.0,63.726422097660915,74.0,78.90603948539382,29.88,29.991189785865593,10.0,9.031405843599858,4.0,4.413628216917015
65.0,58.53148960956637,57.0,45.80953309907828,75.0,64.66034359436115,30.02,30.266767774234257,10.0,9.273259468576486,7.0,4.307591140359808
79.0,73.35809256266982,68.0,58.48242970642919,71.0,63.95044534439326,30.06,30.070390665887963,10.0,9.534104960419333,8.0,4.541280572462224
77.0,74.86935414189465,68.0,62.98854908433712,76.0,73.03627731125785,29.89,29.95329360917861,9.0,8.072901913222013,5.0,4.51090769660013
84.0,82.52543928126353,71.0,67.82281706814844,71.0,66.5043916358201,29.93,29.773023598676335,10.0,9.463620718177454,5.0,5.6141360289425215
68.0,58.39181579382383,37.0,41.23145311990643,36.0,59.304278995044584,30.12,30.308873361032912,10.0,9.592325565307426,5.0,3.8146115115863966
64.0,61.54408039009826,56.0,53.52425062073344,78.0,79.86981218190776,29.97,30.06471121385026,9.0,6.972447158579451,1.0,5.389354835982071
44.0,46.37740572800139,30.0,29.88746908592637,61.0,58.47142630715557,30.28,30.251580588756518,10.0,9.130224669925346,3.0,5.717173674787073
74.0,74.34095035418584,61.0,59.17106518783966,67.0,64.32201065804364,29.89,29.96028650171696,10.0,9.530280214813276,6.0,4.587250986231998
78.0,72.76230577684919,66.0,56.55741862654541,73.0,65.5629043679471,29.83,29.7549209473675,9.0,8.65273108608843,5.0,6.394874002498233
84.0,86.75321739795814,69.0,71.38308812707707,67.0,66.7021310701995,29.93,29.990612976528748,9.0,9.44615515700891,3.0,4.4428060895267345
54.0,70.97300711464068,42.0,58.52821856682063,69.0,68.31971305828965,30.31,29.94913872146717,10.0,9.19770020775765,6.0,5.8871766677050665
73.0,64.05363709744883,50.0,47.73482954888357,53.0,61.383929959417074,29.97,30.013265714617916,10.0,9.37676847195913,7.0,5.218226972032656
77.0,77.15563907287716,57.0,56.09265476425914,53.0,56.075083095477325,30.01,29.97986411005492,10.0,9.901948797947524,5.0,4.4737755559924395
70.0,74.78501960806918,50.0,53.48832790158677,58.0,55.907753936777674,29.72,29.468476975241384,10.0,9.505287043060541,7.0,6.155302890387475
92.0,89.7343492403493,64.0,68.19926279999153,51.0,58.231388609037836,29.86,29.793200718606382,10.0,10.005956153516905,4.0,5.167559231304274
83.0,84.03892539337805,68.0,67.89637704810325,62.0,63.82816167693503,29.83,29.880947355666752,10.0,9.732684232794021,4.0,4.297666113647299
79.0,79.75810831621743,66.0,61.75037905663247,64.0,63.23280103233993,29.59,29.454770684570217,7.0,9.025625669353639,9.0,6.858179515284807
62.0,66.79036440047739,60.0,52.665170733777316,85.0,66.1088461447371,30.01,30.04117347795986,4.0,9.068320278012868,5.0,4.554325084026312
47.0,66.83229789277101,44.0,54.03281348753795,80.0,67.5466465218571,30.14,29.832722403272555,8.0,9.16147114752995,7.0,5.4029272360692175
84.0,86.72676493220723,73.0,69.80195462872665,74.0,63.36926359235534,29.91,29.826038922008035,8.0,9.706294974311277,3.0,5.18306897551007
69.0,61.786999219158986,64.0,48.35470231797895,83.0,65.0755278563681,29.94,30.076678147386573,9.0,9.252895082432392,5.0,4.823175940862969
69.0,69.52515174688942,53.0,50.0198463231978,55.0,58.347264294849154,30.0,30.035184720709264,10.0,9.007204497823219,4.0,4.879466946833644
51.0,42.41728882782122,40.0,37.60716674671434,74.0,83.79808423924938,29.99,30.140159934500307,8.0,6.574531133252224,3.0,5.220133728590877
73.0,63.132071907406925,65.0,57.271850725848864,76.0,81.53154238314485,29.91,30.121148598324528,9.0,7.6560309125383466,5.0,4.520405904202244
85.0,84.42481011325846,69.0,68.2036777630487,64.0,64.52237533703527,30.0,29.830877730040626,10.0,9.596771684611474,4.0,5.602552492410511
57.0,56.75918715350688,25.0,36.926021789413895,41.0,56.167391387593554,30.13,29.97142282395155,10.0,9.070367166431144,5.0,5.473432507128861
64.0,64.44641760423141,42.0,51.82366426735335,50.0,67.15108100251749,30.1,29.927677461753177,10.0,9.104678983132443,5.0,5.7661434781361
40.0,43.57927959370785,33.0,29.074236973419758,74.0,64.81183408741003,30.17,29.98205136575817,6.0,8.1009749380915,6.0,7.208371302331317
87.0,88.78258583277963,66.0,72.74526555571764,62.0,64.81026745206506,29.99,29.96765232371714,10.0,9.831705390633807,4.0,4.389573122659128
51.0,57.26880158801388,39.0,47.72459121074216,70.0,74.05038595072446,30.1,30.222948665109442,10.0,8.095417065849903,4.0,4.653755959502414
86.0,86.41440597245477,68.0,70.63554603900157,60.0,64.92612848690233,29.97,29.98013101598423,10.0,9.7436111191659,6.0,4.7775220926995985
84.0,82.20857985638666,72.0,69.7300052242886,72.0,70.45425358751685,29.99,29.880327995014934,9.0,9.343420494825134,8.0,6.120289139008971
43.0,43.79637539236364,23.0,26.409404144568768,51.0,56.75728256184303,30.48,30.38042659705574,10.0,9.282897579335154,2.0,4.796664504924906
84.0,83.92061575765295,73.0,71.20121881275348,72.0,71.64384993202104,29.92,29.965721591412265,8.0,8.625670067578904,3.0,4.14589849220062
76.0,74.20400723041614,73.0,64.52541818043882,91.0,76.91919377696388,29.89,29.90232507712711,7.0,8.09536606446275,6.0,6.264486759628909
85.0,85.44201908254749,71.0,71.82462561013007,65.0,67.61033930918153,30.14,30.021819145099403,10.0,9.622614864071716,4.0,4.80152158231632
49.0,37.24833127012271,34.0,31.766321452508606,64.0,77.17502061977257,29.94,30.292178495823713,8.0,7.9541457634583335,3.0,4.385630461847666
72.0,73.48747219279475,49.0,52.880213795422335,50.0,55.48207530693554,29.94,30.08320164972479,10.0,9.945181381656553,4.0,3.53892951000064
78.0,78.71660975228686,41.0,53.815175955229435,36.0,52.25589202355167,30.03,29.858585857041874,10.0,10.063486913023013,3.0,4.8968116447008185
72.0,62.12621464529143,54.0,45.86179171485843,55.0,61.486639784338365,29.81,29.83588140905119,10.0,9.28036917388152,5.0,5.207097694416171
73.0,73.61918320835827,62.0,60.01422211325034,74.0,66.38409213580607,30.1,30.1187977257113,10.0,9.585166326845524,3.0,3.7625535828382923
62.0,69.14427610939704,54.0,61.22416338876958,71.0,76.52775791620537,30.11,29.912115556278632,9.0,8.679319044081,3.0,5.241882406528919
74.0,68.28019059105647,64.0,55.839806571966776,73.0,68.6236592178942,29.9,29.903870914282454,10.0,9.149798192686069,8.0,5.872719350578112
29.0,51.26370963898719,15.0,38.294846957843134,55.0,65.21372978440706,30.31,29.982513119081176,10.0,9.096227459581518,10.0,4.27423832247039
88.0,87.10386314751678,73.0,68.81244273211034,66.0,62.19316927952259,29.91,29.75475965229981,10.0,9.632868591928196,8.0,6.454035721945283
56.0,60.21675087612672,45.0,49.55164551681169,70.0,68.84144529025855,30.31,30.339845820094947,8.0,9.271321353351203,1.0,4.01445653560148
55.0,56.076879998070005,40.0,46.83627322628644,65.0,71.11965563929027,30.18,30.105853201784335,10.0,9.097404043701733,3.0,3.6057804164418763
65.0,55.31302945955067,56.0,41.53986788337298,72.0,63.24995134354428,29.92,30.249175207825633,10.0,9.239802130779372,9.0,4.669532253668037
55.0,59.653266351659674,59.0,51.58574395494607,80.0,76.04186765136166,29.78,29.94570932017048,6.0,8.232762230282988,6.0,5.131330093679509
68.0,68.89572556295576,53.0,49.16311442104504,63.0,57.11245748728956,30.09,30.080364472690295,10.0,9.752020630598699,5.0,4.3688203643525165
81.0,80.57564618842949,67.0,68.60820984256411,71.0,70.61111089809702,29.94,29.945619242089652,10.0,9.494200677545246,4.0,4.40192265162238
81.0,83.00408080546383,73.0,72.25204648538265,78.0,73.05869639599567,29.88,29.93162262781315,7.0,9.11694634820268,2.0,4.511177341076939
42.0,55.88613767384598,29.0,34.90827906363096,64.0,53.43250925866415,30.47,30.110732897183308,8.0,9.643484335474861,9.0,4.097394808137064
84.0,86.60318526979651,72.0,68.05659171037586,72.0,61.649437101685656,29.92,29.639001977396013,10.0,9.638412730661743,4.0,6.017919518135432
77.0,73.85692146204522,69.0,62.86776621214766,81.0,72.04939244704634,30.0,29.986207567866,10.0,9.027222724151983,4.0,4.366688382910688
74.0,71.00603395557953,65.0,62.42289950401603,74.0,76.42011331964898,29.94,29.927001932122575,10.0,8.665668151424027,9.0,6.126231589443844
52.0,57.745066006884535,26.0,30.205385223002963,35.0,44.4177316971392,30.26,29.965141428671224,10.0,9.659888103211097,4.0,6.917417323983129
76.0,78.17825033383737,65.0,65.80693661402294,70.0,68.49658993042735,30.03,30.08021268528347,10.0,9.563892153524307,2.0,3.86475644389725
45.0,51.585027998457235,35.0,46.849289222897056,77.0,83.44064354074587,30.38,30.228789538125977,10.0,7.195332862157349,7.0,4.022404620296501
83.0,83.62376536146884,73.0,70.7299733200414,75.0,69.80241248420026,29.99,29.882962307605645,10.0,9.429923233170458,1.0,5.702026303723308
39.0,51.72303800201639,25.0,47.41426484693369,61.0,84.39531291463184,30.45,29.963505740185603,9.0,6.547818477196193,10.0,5.76253451252752
68.0,79.54675073071247,61.0,67.36423879859977,83.0,70.74693721708148,30.03,29.82058116333638,8.0,9.359246575090626,7.0,5.2527841893066824
64.0,64.88420461579882,47.0,49.44078242985573,60.0,63.00466273126666,30.25,30.206746209736117,10.0,9.55579959988251,6.0,3.9965714220195756
73.0,70.68230919768065,66.0,55.11830008828143,76.0,63.746764449222205,29.88,29.924876070545075,6.0,9.101926699584313,4.0,4.97310860234896
57.0,53.87467004243672,40.0,31.939401258216577,56.0,50.298645603322974,30.06,30.293887417536403,10.0,9.719187602113779,7.0,3.9580084384754324
67.0,75.61137375779202,55.0,61.89474154989229,67.0,68.15299033196891,30.04,29.88312099553248,10.0,8.769908605245849,6.0,4.757483415482989
91.0,85.68675113087542,73.0,67.79293818360118,64.0,62.844110532746114,29.96,29.742293286697063,10.0,9.54379240383857,8.0,6.873419239048898
79.0,77.25559593449864,66.0,66.13250041360256,70.0,70.344144089244,29.96,30.05372307403391,10.0,9.47365924702047,2.0,3.8908535753177436
81.0,79.78475329593608,65.0,60.630559337809544,64.0,58.970631274491,29.88,29.825569822220206,10.0,9.771256746928467,2.0,4.568321909794167
92.0,89.18677491957841,73.0,72.51423161457235,64.0,65.33466725677803,29.93,29.7635992207056,10.0,9.67493586525678,5.0,5.716840140854624
87.0,86.72058007004499,74.0,70.29464893361468,67.0,64.57679248650851,29.95,29.86887690350836,9.0,9.611113441005108,6.0,6.058718697328493
88.0,84.77738370123198,70.0,68.34171784887734,62.0,64.16897560734598,29.95,29.783801017167196,10.0,9.5485896997422,7.0,6.02173600992047
49.0,44.916556222697494,45.0,37.31803727732965,92.0,74.65585698717064,30.13,30.41611801557583,5.0,7.624858032608623,2.0,3.626553681594517
50.0,52.36106224689456,42.0,44.89532907717121,78.0,73.60674874694399,30.31,30.18939686141012,7.0,8.893506335524988,5.0,4.444758175351335
54.0,66.09234608968609,50.0,55.89927268592196,76.0,71.46643807124973,29.73,29.874794529180505,8.0,9.117842797342442,9.0,4.6278390104548155
58.0,56.19555386787154,46.0,50.20653655365943,69.0,76.44270763154208,30.32,30.318436589295192,10.0,8.920308735071076,3.0,4.554917543058005
82.0,86.04304378852025,72.0,72.1585725857055,78.0,67.81847869778596,30.04,29.98227574194315,8.0,9.682833511939494,3.0,4.410299841510248
79.0,70.70519734007091,69.0,60.78108362425603,76.0,73.27306693746277,29.77,29.788522883776565,10.0,9.055462817902855,7.0,5.599833737504914
69.0,67.19836285527428,45.0,48.97412871649469,48.0,61.37363298143529,29.86,29.867235548655326,10.0,9.501030264767802,3.0,5.339118270387147
48.0,50.445861724922196,33.0,36.06851403523096,61.0,61.485889699223776,30.29,30.389182307717295,10.0,9.391000532517074,2.0,3.287253469798135
90.0,83.37650909484546,0.0,-11.888193596275741,0.0,51.451206973887906,0.0,0.08560972508594533,0.0,0.20630590874387122,0.0,9.784752690442641
89.0,85.76494056909125,72.0,67.87029588802027,62.0,62.67653189871477,29.8,29.72131157999834,10.0,9.625265268145755,6.0,6.025942018636593
86.0,85.3421614975503,71.0,69.67593576529585,66.0,65.22007061006434,29.93,29.881259725459913,10.0,9.596059147229779,5.0,5.620571854584973
54.0,61.04983270448287,37.0,44.61454257025012,61.0,61.8566000629115,29.96,29.80728390637925,10.0,9.409625760922191,5.0,3.958401871524494
88.0,87.23129583304582,71.0,70.59687855597373,62.0,63.914795470378394,30.0,29.961460702935906,10.0,9.705897735066346,7.0,5.61694381568402
70.0,66.16962574812578,62.0,53.16206818561433,76.0,68.81549304740616,29.83,29.95609978874679,9.0,8.752981609786374,11.0,6.736147860076173
83.0,83.1941262969162,73.0,71.25833703851156,78.0,70.47654307270993,30.12,30.031532861997164,10.0,9.465776727798252,3.0,5.261615825525739
87.0,85.36203055184552,69.0,69.23353593329976,62.0,64.54782870143075,30.05,29.90807314440838,10.0,9.632238774548762,3.0,5.607012947864165
84.0,81.86568232951137,70.0,69.2147421104229,72.0,69.09859621989969,30.03,30.075195675733944,8.0,9.546394067258342,5.0,4.788395671709546
83.0,91.57726677457019,0.0,51.67678675307279,0.0,61.64771554554286,29.9,29.43971787447972,0.0,7.813171878618663,9.0,6.705053755087485
65.0,55.53908035155925,42.0,30.813248318112826,49.0,47.40466427435321,29.74,29.918256648268297,10.0,9.671342584490125,8.0,4.815039620939424
78.0,71.85520477123704,62.0,57.79238925935839,63.0,66.45326204751882,29.82,29.769155219464007,10.0,9.233890669631064,5.0,5.884613854461531
84.0,82.29704929440433,67.0,68.79237554111135,60.0,67.8963774466149,29.89,29.935630144989908,10.0,9.59013007657218,3.0,4.357749880265896
66.0,66.34961259546328,43.0,50.6457949981244,49.0,62.519437434667836,30.09,29.690077389372867,10.0,9.066799384670459,5.0,6.9704343547519105
42.0,57.419194365319825,39.0,52.25952650153458,91.0,82.42671462765571,30.23,30.11556849210853,9.0,7.359908255475027,7.0,6.151725837217971
88.0,87.8274228514565,70.0,72.17734367021897,61.0,65.45795584639623,29.98,29.87347554341295,10.0,9.76263212312184,5.0,4.397550892108332
70.0,66.1680204964631,55.0,50.636532024068785,63.0,62.14502878082551,30.15,30.206541722829797,10.0,9.61238040991494,3.0,3.5536418526137714
87.0,87.56798080891545,68.0,68.72219585965614,55.0,61.00624795781977,29.87,29.78233902276037,10.0,9.720353246895238,7.0,6.004338339596476
80.0,73.1634397718745,73.0,59.611729504662506,82.0,68.93885805408385,29.65,29.735784498164424,7.0,8.543304864957296,7.0,6.028849152088856
78.0,75.62836265584377,73.0,67.0139481107153,80.0,75.98869705368739,30.01,29.98769422519966,8.0,8.835095813745705,6.0,5.315580778881207
72.0,80.21898253499933,34.0,51.675828619471716,36.0,48.561957823530314,29.77,29.513026095475123,10.0,10.214392460090723,7.0,4.485884688665745
67.0,71.24181800886394,57.0,62.37426703508571,75.0,76.61278000646723,29.96,29.75748774030838,10.0,8.417761716554452,3.0,4.911338406128798
66.0,71.81094621809082,54.0,53.8889824176069,73.0,59.80192353967483,29.74,29.7871756240667,7.0,9.529667328297194,8.0,4.888186641680679
70.0,67.03749309743883,66.0,56.177763084677125,92.0,72.9632140193462,29.84,29.85828585302478,7.0,8.45833563939578,8.0,5.190027427885402
61.0,71.90085754298998,37.0,51.49284029744267,48.0,56.96520278090974,30.12,29.87290948311341,10.0,9.620682161973251,4.0,5.695931104989657
90.0,87.98874945312666,71.0,68.91630975746058,59.0,59.977442440294475,29.9,29.836085181449885,10.0,9.79524003238078,7.0,5.546829181448741
60.0,55.44396606764043,33.0,39.01274993299836,40.0,59.196238860772226,30.22,30.297256166902255,10.0,9.494873492587285,3.0,3.7463379989473573
75.0,80.57567596136941,71.0,68.85998009337622,87.0,73.60772945459819,29.93,29.848205060779218,7.0,8.352733397338413,3.0,5.426440408052322
75.0,75.47929245139336,62.0,63.13631363223847,68.0,68.29450863641335,30.13,30.17641356238449,10.0,9.562732943988962,2.0,3.8188423078890033
75.0,75.48461752996818,66.0,64.56942521776138,74.0,73.66296336900075,29.89,29.909580075810236,6.0,8.299169443724894,3.0,4.9143399246179875
58.0,69.86969088893271,58.0,63.57407136366531,94.0,80.36135482882412,30.14,30.02537416655281,6.0,8.227633723733922,7.0,6.2156362773839255
50.0,51.48645020544116,33.0,33.24118238497019,62.0,56.029494286254625,30.23,30.305817642447337,10.0,9.359319139955948,3.0,5.309729392618835
64.0,60.92835317120605,36.0,38.38831407119592,44.0,50.63456693748469,30.0,30.244116946280503,10.0,9.88356269386144,5.0,3.6607680676501597
78.0,79.15340207911673,65.0,66.4174262844082,70.0,68.86455584370549,29.83,29.930780309064332,10.0,9.549773608941027,2.0,3.9152095849388258
83.0,79.91341383830375,70.0,67.00126969416335,67.0,69.71859602847945,29.92,29.770821710375312,9.0,9.339523868307422,5.0,5.661770845549684
90.0,85.0703156592851,71.0,69.99184861401433,60.0,66.7834345542918,29.88,29.88212482410051,10.0,9.22551728848348,9.0,5.682681001307932
69.0,67.26296236376872,58.0,58.34020966708239,74.0,72.90628451907648,30.09,30.204677947846786,6.0,9.277269266823948,2.0,3.799624293065561
54.0,51.975263416551314,27.0,29.05428271859742,45.0,49.07713264194754,30.11,30.28292950448079,10.0,9.657153960780121,4.0,4.76160216181316
59.0,51.19761442657824,54.0,42.04071225051162,82.0,73.58270202687375,29.94,30.333579815516174,8.0,7.981680383265337,5.0,4.962147879762319
84.0,82.23427194866179,71.0,68.87130945874286,67.0,68.0711548813907,30.05,30.03526827578491,10.0,9.529244810219442,5.0,5.196261646134596
54.0,47.5674426212271,50.0,35.512996056251495,88.0,64.81169673231605,30.18,30.362465743762673,7.0,9.124896872335318,1.0,4.157731769624185
80.0,77.031805613871,75.0,70.30763659860507,90.0,82.16407068846812,30.06,30.04958261602645,8.0,7.875959753157897,3.0,4.747614967025914
91.0,88.3564572251617,69.0,67.2677496088417,55.0,57.61228056409291,29.99,29.81510337883145,10.0,9.773854685921245,8.0,6.78622838409726
51.0,67.72996627866198,45.0,55.30284892258017,79.0,71.33543983758283,30.05,29.9490994538239,8.0,8.252959391535596,10.0,5.1978009479283
49.0,46.35028479826705,38.0,37.16002556499093,69.0,70.9700867224965,30.37,30.309788186854924,10.0,8.821737610575967,3.0,5.580056874730779
46.0,50.938034845658066,32.0,37.307419632779755,62.0,64.6418567939199,30.11,29.75348956156901,10.0,8.862335937644053,6.0,5.964587576992562
80.0,81.69578247391027,69.0,69.01979455375685,76.0,68.872806370914,29.83,29.87571581599621,9.0,9.465003144059326,1.0,4.786142573948412
72.0,66.3713735424652,46.0,46.433836528736194,46.0,55.82425931088899,30.06,30.06164540845385,10.0,9.665457868786998,2.0,4.709500511029756
41.0,53.708071516614886,30.0,44.026690830630315,75.0,76.4805282315501,29.94,29.536561207767786,10.0,7.896585518852971,8.0,7.273676202565567
51.0,48.842714111841815,40.0,34.85056705068192,68.0,60.8971864960384,30.4,30.44050934492421,10.0,9.308872132812292,4.0,3.643711615013935
91.0,87.66820792750694,64.0,67.8153241966145,54.0,58.98275895234433,29.9,29.897460520172107,10.0,9.905487472910792,5.0,5.105010577768967
80.0,83.67921538265452,57.0,71.20130424847885,55.0,71.42282356339481,30.02,29.93394775150397,10.0,8.88840905264374,5.0,4.5290369974813895
88.0,87.51782874707611,73.0,74.81050432200762,68.0,70.06699747650057,29.97,29.919823390285178,10.0,9.664833468299,3.0,4.066456639956158
86.0,83.62714186495654,72.0,68.9126150654583,66.0,67.25626320226147,29.94,29.84923787042388,10.0,9.518295227311684,7.0,5.659030491946302
51.0,37.24639264036191,36.0,26.879804885074435,63.0,68.84318479545917,30.17,30.437226533574645,7.0,7.9640093076820815,5.0,3.783748779570703
58.0,71.72627991733272,46.0,61.00890246269209,65.0,73.14690354736115,29.96,29.686324514579773,8.0,8.695669773720725,10.0,6.079761998290925
70.0,78.87734006669517,65.0,64.08151557091328,83.0,65.76812997351288,30.0,29.904001586659223,8.0,9.466016875008135,5.0,5.535666664053181
84.0,80.75900276106333,71.0,67.34210969888257,69.0,68.19177272848316,29.93,29.89880516314296,10.0,9.417428284569786,7.0,5.61444675344158
79.0,85.99194522179367,73.0,72.8396928367575,83.0,69.68655144936301,29.98,29.870483615338557,9.0,9.518017504638362,4.0,5.314077333682837
40.0,53.42502518294295,30.0,43.97717912218397,71.0,72.83240397858053,30.25,30.044088311404277,10.0,8.116320967933992,4.0,6.223986418799649
32.0,29.499438836147498,11.0,13.672570097537857,48.0,57.06087998803568,30.74,30.254501290245894,10.0,8.759560791124505,4.0,6.272386643358395
74.0,78.12503406843965,72.0,71.85862265753103,97.0,82.11346227849896,30.0,29.93130798088104,5.0,8.15326293206881,2.0,4.728323904304453
30.0,41.09629546407931,12.0,25.34933654369499,48.0,57.31087619649193,30.54,30.52887677325952,10.0,9.055908705779885,5.0,5.979505906588953
91.0,88.62059834404599,68.0,69.56283997713705,56.0,60.1999794303878,29.95,29.953854626486176,10.0,9.896633876157455,5.0,5.137676531555464
84.0,84.24686354170775,71.0,72.58394877287505,66.0,71.35817076152088,30.02,29.932625890251174,10.0,9.522685917646237,3.0,4.466943834696314
52.0,53.11656098563264,45.0,45.99460752999293,82.0,78.74365408806256,30.21,30.074632009799483,9.0,7.731136689588093,3.0,5.996379283979658
86.0,84.02395402664492,68.0,67.09225874142952,63.0,63.16538259815523,29.99,29.902575693084984,10.0,9.69998886528732,7.0,5.139396203137725
57.0,59.84563080671351,43.0,50.51330607529469,64.0,70.54922718823863,30.27,30.441448278203822,10.0,9.275452030769872,1.0,3.6100633315356836
89.0,85.15316067054171,72.0,69.3840541679845,62.0,66.4654032457506,29.9,29.810127141618526,9.0,9.245566127957874,6.0,5.7005459165416905
81.0,82.28755186509355,59.0,63.221334621137245,50.0,59.74560319652858,29.87,29.907101146646102,10.0,9.883974716321957,2.0,4.205150398779241
34.0,35.51800079544659,31.0,25.22340951933765,93.0,68.76303730489587,30.31,30.381789135638577,5.0,8.076938169203247,5.0,5.4269132065542856
64.0,63.634312062609894,38.0,51.37213310831639,57.0,68.93743416373705,30.14,29.949380702983998,10.0,8.937169697394882,8.0,4.158031921024695
50.0,49.84300213257281,31.0,30.716577242525346,52.0,54.84413180867695,30.35,30.340894221792478,10.0,9.492995984533891,6.0,4.428499542545463
89.0,89.07977481458012,71.0,71.19401653517129,60.0,62.061635443870095,29.95,29.834361537794628,10.0,9.83870993246981,3.0,4.766914507136756
76.0,76.38123174321193,63.0,64.45228001243511,67.0,68.98500510869798,30.11,30.1481391337075,10.0,9.541432808652818,2.0,3.845827124607069
74.0,68.26700576148495,62.0,56.991258534905555,69.0,73.08083748009138,30.12,30.152208403806405,10.0,8.23140251329879,8.0,5.649795150073539
55.0,65.30105360535329,29.0,59.00821812357886,40.0,78.43887068512295,29.92,29.705616796333906,10.0,8.84449015520873,8.0,4.793699229889448
84.0,76.29195132442713,72.0,57.110143694305506,70.0,58.85281057663839,29.81,29.644676635959883,10.0,9.520590515197329,6.0,5.7947601864695315
54.0,62.407360232869195,48.0,51.29174864437023,83.0,69.05084317246035,30.33,30.261177958092926,10.0,9.168161949017366,4.0,5.333789506383072
90.0,87.1797642499911,70.0,68.94666235511137,59.0,61.52136289205882,30.06,29.89491073591089,10.0,9.766231161260233,3.0,5.5728603190157875
85.0,85.49296715993529,60.0,66.70641798292515,50.0,60.49411621865869,29.95,29.956154103484998,10.0,9.887310136356673,4.0,4.683818693143486
75.0,71.64529007367172,55.0,55.25451226475697,52.0,62.732688263465576,29.67,29.751513336799867,10.0,9.575137614202257,5.0,3.700395267835066
70.0,78.93352084023441,69.0,70.71489178590339,89.0,77.08285769614915,30.08,29.95295321515037,7.0,8.893748890505824,6.0,4.969263217170836
87.0,88.74598982256758,67.0,69.39490981681011,58.0,59.87608469236502,29.93,29.926370237582567,10.0,9.99585150943476,4.0,4.295769723306187
69.0,66.84409907664728,56.0,53.58866621585493,69.0,66.36747730951191,29.97,29.991172453494723,10.0,9.241820130640864,4.0,5.359032192285069
66.0,66.09324307032033,56.0,59.528878595133264,75.0,80.16576048246613,29.9,29.974922357522736,10.0,8.01486473209846,4.0,4.5098143025772846
80.0,81.36303443692951,71.0,68.91425992775079,77.0,70.26752053974141,29.95,29.850975245032696,10.0,9.407440417405176,3.0,5.26050669041736
83.0,81.2275338809815,70.0,67.1280766642004,67.0,68.038967045174,29.88,29.775910825670298,10.0,9.378580630058957,7.0,6.067262459615283
61.0,54.15296416367259,48.0,39.120380396037106,64.0,60.88666604519433,30.09,30.410151687751682,10.0,9.48669812776742,5.0,3.327398203066354
47.0,53.991289202203184,29.0,41.669941764102916,56.0,64.3191750360121,30.32,30.11399295724152,10.0,8.985512165782533,2.0,5.492574727463923
88.0,88.00003061406984,69.0,67.09063661750046,62.0,57.96388059359607,29.94,29.842515985680805,10.0,9.816889771301902,6.0,6.369286230223202
84.0,82.76352648369033,72.0,71.05300157332785,75.0,70.97186130490175,29.93,29.927799408882926,10.0,9.455038747788509,2.0,4.854792804939958
79.0,74.17909918730555,71.0,65.46122093992186,79.0,79.89085195300026,29.82,29.865002442562158,7.0,7.404897285239462,9.0,5.977266308493693
63.0,67.72030409974397,51.0,58.92738268145506,58.0,75.30929104658898,29.99,29.88827159960582,10.0,8.655302471535146,5.0,5.626225609486584
91.0,88.62826088698016,70.0,70.11589107998093,58.0,61.91713517853175,30.03,29.89455213574891,10.0,9.765003336292272,6.0,6.040300344983377
77.0,77.42155812977822,58.0,56.324511098786374,54.0,54.32435862637142,30.02,30.083751676424807,10.0,9.970495412957654,3.0,3.9702289812048264
92.0,79.95026609917201,0.0,44.881204060335605,77.0,63.457606254416646,29.93,29.615794312499986,0.0,7.490825121248907,6.0,5.608393708064151
82.0,84.65175128322709,59.0,67.78617675199565,54.0,62.85713185319426,29.93,29.99985400273266,10.0,9.873251863772712,3.0,3.8625493290570803
72.0,61.97358593832678,66.0,52.875589901147166,85.0,74.3008457145259,30.02,30.24643436760119,9.0,7.925710388497643,7.0,3.4533415435314763
83.0,79.12754039132184,74.0,72.93437188946662,75.0,80.34506250018698,30.05,29.981049538230124,9.0,8.890885860642916,4.0,4.198524722104684
64.0,62.65623196368979,55.0,57.23481655670123,72.0,82.73872473581815,30.29,30.206368782478155,10.0,7.5305526596772925,3.0,5.81194410094688
67.0,53.06181639735884,37.0,37.889007223429886,51.0,61.67493757076518,29.93,30.041995023785184,10.0,9.258948503619083,6.0,4.216473647466374
87.0,84.2790308843643,73.0,70.12163091513368,70.0,68.838781560233,29.93,29.858474012347994,10.0,9.165206310292533,6.0,5.733444866848567
61.0,63.420728902664635,43.0,50.44659853485,59.0,66.86319697394592,30.07,30.083206226222256,10.0,9.311290393400997,3.0,4.485957839436408
85.0,81.02585178695989,68.0,64.3555454577933,62.0,63.059606492992216,29.89,29.807116993327814,10.0,9.513074199787043,7.0,5.935377141253522
68.0,59.7672420358462,57.0,38.539254873472004,74.0,52.428409131812295,30.01,30.08828944705211,5.0,9.64333324857293,5.0,4.526485912632074
51.0,67.04402558148522,32.0,53.37256015803213,50.0,66.40319227213985,30.2,29.92386928123287,10.0,9.340347674539414,10.0,4.541825115082657
71.0,72.7712935463504,63.0,63.146068597782985,72.0,76.27152479753735,29.98,30.134846737501082,9.0,8.038291127025909,4.0,4.116878356468223
83.0,81.14613886165345,70.0,65.89897640289085,67.0,65.80994922168335,29.96,29.804352017958482,10.0,9.444330334981485,6.0,6.0075224144224695
72.0,65.01494914704375,53.0,45.30579928477533,59.0,56.32518341077246,30.01,30.11150073173046,10.0,9.612140597877628,10.0,5.126609667570745
32.0,54.44828464315006,12.0,47.25877242827161,48.0,76.22933662747232,30.49,29.8681097576356,10.0,7.3392459991234045,12.0,5.500803201778629
62.0,62.05158106378343,53.0,50.00196600165107,73.0,67.00764644462764,30.18,30.315714156555813,10.0,9.363566503116353,4.0,4.007388723267995
43.0,42.04300872098155,36.0,31.127219966277778,74.0,69.1386374029112,30.09,29.861536868955408,8.0,8.650565282448076,3.0,5.957665074256505
84.0,84.04213097449028,70.0,69.0481196049938,69.0,66.22475813445702,29.86,29.87348787007729,10.0,9.585461663564306,6.0,5.204883379252417
81.0,79.25372883593826,72.0,65.48091066739225,75.0,69.44120061039393,29.94,29.89526575056442,8.0,8.660223145556744,5.0,6.544367137137575
56.0,52.82916805989657,20.0,39.37079645403716,37.0,64.27535212580622,30.34,30.257271604611116,10.0,9.292849778451949,8.0,3.8346165387902214
76.0,80.90112890491375,58.0,67.98777197292169,57.0,68.55721705086205,30.09,30.031316362519544,10.0,9.529361835669919,3.0,4.764805897372055
76.0,77.41439935819513,62.0,64.8193496829886,69.0,70.84768970809655,30.12,30.160636045277773,10.0,8.899249709537544,2.0,4.4248705003588675
50.0,49.019828075224964,47.0,39.22555553135264,86.0,68.41279797913538,30.05,30.334875031316084,5.0,9.05769862175561,3.0,3.830920245150157
78.0,77.79260611631737,73.0,70.53192556816525,87.0,79.65891883591681,29.97,29.878815068200748,9.0,8.46888437333464,2.0,5.057325773482161
77.0,74.98374666634449,60.0,63.55174162015085,61.0,70.14827276619144,30.04,30.063028454903257,10.0,9.423627963237099,1.0,4.288822687866321
87.0,86.04585214719481,73.0,73.48323653540056,70.0,69.15709908557159,29.93,29.973162197624585,10.0,9.689643051104436,2.0,3.577645931468831
82.0,82.1227713785391,72.0,68.62469112520701,74.0,67.19112012563252,30.08,30.059242895236334,8.0,9.535502509225532,2.0,5.158036005293648
81.0,76.19363755664716,74.0,66.77239527307161,83.0,76.37181397609667,29.85,29.82573758641857,7.0,8.408557043449678,5.0,6.23837160620292
78.0,76.65177707214953,61.0,66.70999973875074,64.0,74.65320506924648,29.85,29.822993768478472,10.0,8.56533740338113,3.0,4.922100681484696
92.0,84.42105191112923,68.0,-22.209685965363427,43.0,22.448060051080994,29.95,0.45817949423764026,10.0,1.096183625827245,3.0,6.359385892452279
62.0,54.06279447267016,52.0,49.74425232319139,79.0,82.31404931237887,29.83,30.090522728679463,10.0,8.069199521971207,3.0,4.780442117774385
78.0,75.31132653145825,68.0,68.26454407713884,76.0,80.34830611897652,29.99,29.960312260237533,9.0,8.163659651926867,2.0,4.644073402549854
85.0,82.5245932280386,72.0,69.02194741592861,70.0,68.37020035828778,29.84,29.745072977698257,10.0,9.388267303656454,7.0,5.6536590703602725
83.0,75.32869812385194,67.0,61.592345667117925,63.0,68.2756405922126,29.77,29.753097172818567,9.0,9.316898065076737,10.0,5.5764889366653865
86.0,85.1829401910445,73.0,70.982228456268,67.0,67.81662153483899,30.06,29.938662339468454,10.0,9.288403963543102,4.0,4.852202461048967
75.0,72.95041837418614,67.0,61.21248489149461,79.0,72.05159901339482,29.89,29.878416765788867,7.0,8.548477482464067,7.0,5.670604089568342
85.0,83.9833340709391,66.0,66.67193090848296,59.0,63.172145877729854,30.0,29.867894452518648,10.0,9.623393521228715,6.0,5.998047244802809
73.0,73.9211782525383,59.0,62.214908318408035,72.0,68.73315779204702,30.1,30.111948132224523,10.0,9.430867578864913,2.0,4.219162499962228
70.0,77.57034271640488,43.0,61.23841685730277,43.0,64.91667170432072,30.03,29.696943904304614,10.0,9.036025659226913,8.0,6.4112449457731895
56.0,53.74167950371478,51.0,36.94117827548985,80.0,57.58064762769105,30.04,30.36087005982547,5.0,9.367872566033023,4.0,4.925429911696471
54.0,49.98756710150346,42.0,35.742464974135444,68.0,60.961954223434056,30.11,30.48972979907825,10.0,9.453160565625355,4.0,2.8264822659933757
74.0,70.79790357858724,59.0,52.153476311069866,67.0,59.28936838136839,30.03,29.841078730924213,10.0,9.403193054244772,8.0,6.562847359768201
67.0,62.97772594062549,54.0,37.80871928511647,68.0,46.899155427068216,30.16,30.159519208665394,10.0,9.885747491790871,9.0,4.883112312383812
34.0,34.56704588323274,29.0,27.685693466404757,84.0,76.33872002781578,30.24,30.389244375645625,8.0,7.479586484409966,4.0,6.488701895623201
65.0,67.06189030570184,60.0,57.54440662188712,83.0,75.3697088278918,30.04,29.958978950567698,8.0,8.339421017353432,4.0,6.084917193493066
84.0,78.76501535505774,71.0,64.29097469903873,72.0,67.692639088683,29.75,29.766166253196396,8.0,8.76866916682938,10.0,5.22923916605545
39.0,44.060524087172524,29.0,37.982122335142805,70.0,78.59863792556632,30.48,30.383642578820876,10.0,7.359163999478225,8.0,5.424056535521517
83.0,82.4063968090883,70.0,67.5964834105052,69.0,67.10087846529217,30.1,29.984337812096314,10.0,9.21621701957649,5.0,5.651413456911721
61.0,58.12967277427963,44.0,43.964414893805284,59.0,63.12453849916328,29.94,30.08616172977286,10.0,9.329885174614796,3.0,3.878022308698808
84.0,83.61184446793155,73.0,70.68915297484183,75.0,69.29368548030254,30.04,29.994934832855275,10.0,9.468945689473774,2.0,5.673931530295868
76.0,74.8055941357687,68.0,63.07683670443363,78.0,72.09350724125524,30.09,29.93448706440403,9.0,8.593677164895587,4.0,5.690731818655154
76.0,74.26176437340635,62.0,55.85575045504781,66.0,61.10724767559688,29.81,29.775860419218606,10.0,9.473333200968915,9.0,6.260325851061808
71.0,74.39497021105662,55.0,63.36710780175683,61.0,71.9033212355584,30.03,30.045475266140194,9.0,9.103572159864349,3.0,3.944042820150051
55.0,52.69619943288483,51.0,43.6295205851915,92.0,72.49608929863486,30.1,30.190394914964003,4.0,8.313282749707342,3.0,4.494313113436726
84.0,82.3472583046035,72.0,69.78529092965816,73.0,69.60766976527728,29.96,29.92084094783101,10.0,9.53766833050991,3.0,4.400601970210774
82.0,78.84827147093229,75.0,66.75756959104216,81.0,70.69737796157784,29.96,29.782785743071013,8.0,9.1918205654726,6.0,6.502689968704562
78.0,73.40702860056702,65.0,60.95763151161289,71.0,71.39006632618796,29.96,29.86749495356583,10.0,8.548652284256558,8.0,6.095325022314605
78.0,75.55999860950945,63.0,63.32211897248531,66.0,72.15676434718378,29.85,29.897711913430076,10.0,8.373832768867139,2.0,4.8995166142471005
73.0,72.87947279836197,47.0,49.336161129607476,45.0,51.35990671670565,29.95,29.88701407528331,10.0,9.97878428921601,2.0,3.889175352854798
69.0,72.04159140051249,41.0,55.73660223742122,49.0,64.0199606439413,29.88,29.868221622438938,10.0,8.947447850912257,5.0,3.7884302934989353
83.0,83.99562730359992,74.0,73.00947407535334,78.0,74.55140861479667,29.97,29.979291351259853,6.0,8.541754883547535,3.0,4.211352671388589
54.0,43.870222564205804,32.0,29.018282834468437,50.0,59.31376571597525,30.38,30.635641282032505,10.0,9.320016474394345,2.0,3.9597163204957697
77.0,79.46187993127242,51.0,60.06134098736412,49.0,59.18527638088014,30.02,29.94944724846682,10.0,9.791469553640923,4.0,4.999911664296917
64.0,70.97421499204793,51.0,57.25268984770214,68.0,66.95723223916134,30.07,29.806124499123413,10.0,9.218590467509495,7.0,5.882472490622458
86.0,83.30749004768194,76.0,70.11158013848201,74.0,69.6571836600445,30.0,29.92811276244125,10.0,9.119563469719349,6.0,5.717921315047537
88.0,87.19878725106139,66.0,69.70339287089546,55.0,62.71492970589291,30.01,29.893773533881276,10.0,9.727057374058218,2.0,5.59882445371273
76.0,69.88336797707679,61.0,57.30952380732792,64.0,72.20898097758074,29.79,29.7551296957651,8.0,8.090459312184022,5.0,6.540778961792254
63.0,64.10293657168923,33.0,44.539977325420296,35.0,56.28576796605791,30.2,29.990330133832757,10.0,9.632681254044494,6.0,4.272463624995609
73.0,76.38268173514048,59.0,62.6153853050957,64.0,66.43795597666613,30.12,30.1045826435137,10.0,9.62723135304974,2.0,3.803951994648014
62.0,64.04630632045188,50.0,55.13641450923693,66.0,74.36925664749913,29.74,29.827037126828444,9.0,9.062105654711834,1.0,4.269605494643873
66.0,67.1112332832447,49.0,53.87464910660522,61.0,68.5579904867609,30.1,30.03467407256795,10.0,8.7372581382812,6.0,4.232047305756305
68.0,69.8378297489544,64.0,61.56791602720914,86.0,76.76669230700276,29.95,29.98481058911171,6.0,8.401162831444122,3.0,5.288058286171617
76.0,73.80487771728717,62.0,60.83084727993922,67.0,70.87945064241418,29.98,29.80408350547548,8.0,8.515641618613095,7.0,6.5211996338055425
84.0,80.28565786935364,72.0,66.7833706443982,72.0,68.16396635528838,29.87,29.749731387085802,10.0,9.404537564954463,5.0,5.197459868515566
82.0,84.33516205734998,73.0,74.61541990117139,73.0,73.74304036007973,30.0,30.014192991818458,9.0,9.533800936022342,2.0,3.654617653335363
73.0,71.41816643274088,64.0,61.78330189294307,72.0,71.79418115216392,30.08,30.246077385417333,9.0,9.429418789210965,3.0,3.4013891870698805
65.0,67.50281362203204,55.0,56.25984940765589,75.0,70.77053674105764,30.18,30.23762696314104,10.0,8.657320053645437,2.0,4.669571635048362
71.0,67.98293812652213,51.0,52.00415763272288,57.0,62.69702819159994,30.04,30.056965937556782,10.0,9.5265215935187,5.0,4.467239487700809
84.0,83.95984772549059,74.0,72.18220401132207,77.0,71.72976759210036,30.01,29.954292296945457,10.0,9.196464745590568,5.0,4.50084748308643
82.0,80.75190065353033,65.0,66.62619952829807,62.0,67.50693291854678,29.86,29.787969839922944,10.0,9.417579615468485,6.0,5.616577392172077
68.0,62.3147756777805,59.0,46.88986815864689,72.0,62.40266854381876,30.12,30.20518891008115,10.0,9.377049464647671,6.0,5.200496062539105
77.0,74.67635052386163,73.0,70.20366139916611,90.0,86.7910685634017,30.02,30.05835325958004,6.0,7.444803231532406,3.0,4.440316776685149
74.0,76.32030971688273,58.0,62.1430155595702,62.0,65.40250496700959,29.98,30.13188663377227,10.0,9.653807270770253,4.0,3.770176084152143
50.0,46.22218616997404,36.0,37.28959144240416,62.0,72.38406913358277,30.2,30.26426127261766,10.0,8.158265459211917,4.0,5.247775966941507
66.0,71.24145618468162,63.0,62.45066540642402,82.0,76.10945210312784,29.87,29.92845258363022,8.0,8.472224871323606,4.0,4.876519541793655
34.0,31.318459313258145,12.0,11.538739486946113,42.0,51.51302517816069,30.68,30.369574264240992,10.0,8.956798822804721,5.0,7.031475608039087
71.0,68.24258711344744,65.0,59.33045367686391,82.0,80.30160318375064,29.75,29.70994350107356,8.0,6.853883852349133,4.0,6.80162603548953
75.0,75.45323853493588,62.0,64.07140776912256,69.0,70.17427943920012,30.2,30.19243812493635,10.0,9.43137178336381,6.0,4.708050936428236
88.0,84.08275093019613,72.0,69.46844743794038,62.0,66.21799485488239,29.91,29.90816911064363,10.0,9.662057007622911,6.0,4.346232337587333
85.0,83.22764414508899,71.0,70.96275470087362,69.0,69.78493998319891,29.92,29.955378779343484,10.0,9.542523402755553,2.0,4.405095422591152
85.0,81.16428001560836,72.0,65.35057942173616,68.0,65.66579549782489,29.96,29.82216041325946,9.0,9.400920458358835,9.0,6.86501977734288
75.0,70.59966264582516,62.0,51.66564756444042,69.0,57.61881477665901,29.9,30.106782552859958,10.0,9.731118757398344,6.0,4.377840266039995
87.0,84.7876201977314,71.0,67.80163575309966,63.0,63.4922344482471,29.9,29.761454171055494,10.0,9.571902078339656,8.0,6.013780512289413
60.0,60.43460647864333,54.0,41.317474031519566,74.0,55.71842030904492,30.1,30.26545954618903,6.0,9.653360938325347,1.0,4.172734302491936
69.0,68.8445427951535,63.0,60.14632958528104,86.0,77.69193637217175,29.88,30.020118286733485,9.0,8.10216125506128,2.0,5.352299080641729
87.0,85.98207825888858,72.0,70.32421342465925,67.0,65.94953490386928,29.89,29.867392539222507,9.0,9.653283635214523,6.0,5.241755341755038
62.0,60.027181904304975,57.0,52.40178612377851,85.0,73.9715475956692,30.18,30.29332412911677,7.0,8.839265879103012,5.0,3.3047724992937844
63.0,65.74700202831859,52.0,53.98294725102285,74.0,69.27548821918633,29.85,29.907810910896234,8.0,9.259543675841554,2.0,4.163418317531951
66.0,65.12601670083829,44.0,43.22108116639677,54.0,52.943712836634006,30.08,30.132768271858605,10.0,9.831032332366556,5.0,4.216974319570875
57.0,56.76852892744845,52.0,35.533850974317886,72.0,52.45177114530411,30.33,30.42635238654416,6.0,9.693268242681713,4.0,4.898713349311171
59.0,62.11796181849897,36.0,41.60784808233869,52.0,56.68269509241526,30.15,30.01590164875804,10.0,9.25806625022477,2.0,5.163920914067663
67.0,64.35964066829865,54.0,52.96381412115544,59.0,68.62622079224732,29.57,29.708761433374743,9.0,9.037127858952536,3.0,4.952574155926563
65.0,56.953172674682484,51.0,35.02157466441814,70.0,50.15992506895047,30.16,30.28825856973044,10.0,9.70819312320014,3.0,4.407416546542333
61.0,51.72929390450675,50.0,45.355319091829784,71.0,79.97099243106334,29.9,30.155472212895884,5.0,7.198570683262249,2.0,4.3525879063163
69.0,70.83997500489511,46.0,57.40004473818475,48.0,67.86518719662905,29.97,29.90206626917188,10.0,8.601861121681681,4.0,5.518734763951897
84.0,82.74234256595156,69.0,67.8589374564708,64.0,66.04487734594616,29.92,29.965173746844634,10.0,9.639772464543912,3.0,4.752023951043414
46.0,50.35611321735142,36.0,35.87393761427401,68.0,61.648069232696784,30.28,30.351171696343812,10.0,9.294086969744049,3.0,4.141454781118142
82.0,84.55003066940456,71.0,71.00484841419537,68.0,69.14122633847327,30.06,29.829658292729313,9.0,9.460394754517832,6.0,5.710858761543359
82.0,81.89355592330946,70.0,67.36117803179211,70.0,67.23298759646104,29.98,29.881094930292186,10.0,9.195875329968278,6.0,5.224373432550877
75.0,81.88195335065204,51.0,67.71886460707286,44.0,68.94114484367444,30.06,29.72347190943457,10.0,9.038510292660035,7.0,6.138204064158294
79.0,84.23340625506009,45.0,66.03582855288529,45.0,63.21885914050353,29.96,29.696524549981373,10.0,9.326930310247878,5.0,5.642892788044074
72.0,69.93815466549671,62.0,61.88906486716898,73.0,75.49236436930968,29.89,29.963368842987823,8.0,9.095177610709294,5.0,4.76844524013023
77.0,68.90536268135894,66.0,61.08092620951065,69.0,77.33994733587977,29.76,29.720035955425075,10.0,8.813152269923656,7.0,6.528654682150149
71.0,62.90594232362848,64.0,56.675112572441876,87.0,82.28211009525245,30.16,30.205963723262713,8.0,7.288552603465607,2.0,5.4219707798530035
38.0,37.052528482496,17.0,16.76596469157988,44.0,50.62775128467343,30.4,30.483306953589373,10.0,9.281229427055408,3.0,5.387828175025906
69.0,62.49342166029719,64.0,57.197617467820905,82.0,85.0876427959637,30.08,30.209705690676408,8.0,6.65440686848323,5.0,4.700920219595794
74.0,69.10704184526439,62.0,62.67044946621,71.0,80.20091753277636,30.07,30.059099587499738,10.0,7.940411537087774,3.0,5.798854858330836
73.0,69.50397400191893,60.0,53.05225607371612,70.0,60.60216005552524,29.85,30.013995251204385,9.0,9.536031218199339,7.0,4.407509158599916
51.0,51.18042483321108,38.0,39.63883625035008,64.0,67.6931224881149,30.29,30.352685718751733,10.0,8.822365891601374,3.0,4.329745837316283
85.0,80.12709648466128,69.0,63.92317404018691,64.0,67.41799797446185,29.74,29.595441901693757,10.0,8.616975434387218,9.0,7.414991232265756
76.0,73.78547262729802,65.0,62.57151656923226,67.0,75.98950963236754,29.86,29.922640074448818,8.0,7.601633359545149,4.0,5.468872843808
84.0,84.79755181840835,73.0,74.41917587955861,73.0,73.08420722315202,30.0,30.03276733863153,10.0,9.541696087047749,3.0,4.075976540627774
74.0,68.7539920229654,64.0,52.39317353493796,79.0,60.81059519095294,30.13,30.224768173682673,10.0,9.605116099159817,5.0,4.395215664545841
34.0,44.46513090496287,25.0,33.78396016017072,72.0,69.04797217067949,30.38,30.124355661025284,8.0,8.810716146756553,7.0,5.538337013313423
57.0,53.63609933239996,57.0,41.81510292328497,85.0,65.95972121563788,30.08,30.31350965151578,8.0,9.225614975299653,3.0,3.8528126197235353
48.0,52.59028601695929,24.0,33.8856738682817,48.0,55.04304922348854,30.35,30.31870279730593,10.0,9.581044337105064,5.0,3.6112799096168247
67.0,66.15833203185807,58.0,54.429579622775705,77.0,72.7189229932994,29.87,30.041650429231836,8.0,7.936728333768903,5.0,4.807050666442256
79.0,76.11812890621516,67.0,66.53991076453396,69.0,74.13223337363011,30.09,30.07158317364479,10.0,8.966480445264649,4.0,4.848962444357741
68.0,68.54794261853777,58.0,58.73533583399562,75.0,72.39772609727873,29.98,29.962828535811294,5.0,9.212815997765817,3.0,4.259097087276861
42.0,40.050673654873194,40.0,35.5933820540929,95.0,83.41151722084032,30.28,30.333435523101272,5.0,6.54347346629778,4.0,5.572143152478256
68.0,55.81757456268745,56.0,44.57090206103874,72.0,69.6513039779599,29.9,30.105210735723244,10.0,8.398111234927821,6.0,4.910778549161449
78.0,81.43154340525743,50.0,61.52269740899142,45.0,58.56097742086416,29.97,29.98260958234544,10.0,9.55960035205925,5.0,4.607640701805612
71.0,68.67091762081223,53.0,49.135308918099696,56.0,57.03938434192309,29.76,29.848059083109312,10.0,9.642591139452348,6.0,4.365479581700156
65.0,72.60169824645382,45.0,56.804699299299486,50.0,62.18599436985502,30.23,30.008056230733363,10.0,9.408846897886354,3.0,5.752816989187026
44.0,41.39300139187521,39.0,23.635982254160936,72.0,54.111074009026,30.14,30.484696851848906,5.0,9.421884760278626,4.0,3.3929247548303594
50.0,51.8803030240231,48.0,45.836665452393106,95.0,78.80124358326299,29.85,29.99368525447547,5.0,7.994367491345399,3.0,5.5075068314515345
57.0,67.17499135709183,56.0,60.39121762423649,97.0,78.9508447905639,30.16,30.068905009141467,6.0,8.319082597760438,6.0,5.295193101375206
78.0,78.21159725963471,68.0,68.48045508785866,75.0,72.74773258037712,29.95,30.0303235542221,10.0,9.405044265110666,4.0,3.9584491183447863
68.0,62.73722100961757,62.0,50.64404763396611,81.0,67.47641679722206,29.86,30.023782468538656,5.0,9.176559751289673,4.0,4.894133529343863
66.0,71.08563671858305,33.0,42.20196418910223,32.0,45.76757862186343,30.08,29.64512821552118,10.0,10.002651864627166,6.0,5.52043136548708
73.0,70.13908470087766,49.0,49.94859850737548,50.0,56.23392668489424,29.64,29.873686872531245,10.0,9.754558996000702,5.0,3.94942511312367
71.0,74.23983500592269,65.0,64.44112151851918,81.0,74.07952694465304,29.92,29.897528238885208,8.0,8.890399365901457,4.0,4.842282897086333
80.0,78.63281935321079,66.0,63.59971724995087,64.0,65.78953631434189,29.83,29.835105433520734,10.0,9.590255445455954,5.0,4.2846624746555
85.0,84.36304203370433,70.0,67.09354365796396,64.0,62.805683917814555,29.91,29.786674609127314,10.0,9.633792732207906,6.0,5.566424493373336
84.0,82.01018991295929,69.0,71.46822440301385,70.0,74.66518087072882,29.97,30.038437436606802,10.0,8.807499641943915,3.0,4.577770224088355
73.0,74.13329545427817,62.0,64.36089673263523,70.0,73.56476521999811,30.11,30.059222147819852,10.0,9.242670333536948,2.0,5.213027908516203
64.0,60.920389591624115,60.0,44.82986052146671,86.0,61.64970706587999,29.72,29.814277159894246,10.0,9.382277282353606,4.0,3.9326144555864024
64.0,59.275193185378726,54.0,49.60544641748983,73.0,71.18332885148402,30.01,30.044070835403208,7.0,9.100890794635147,4.0,4.08657934953662
69.0,59.63186800824297,54.0,51.83568594138124,62.0,77.77118577963856,29.97,29.91071790693908,10.0,8.03997704482504,6.0,6.885880857864803
51.0,46.71829400258494,38.0,31.117648729442564,64.0,58.52151006351899,30.27,30.558433541000408,10.0,9.46171984401459,3.0,3.147923377898031
65.0,62.3244514535736,57.0,54.795449815957525,78.0,77.88938453590012,30.23,30.18099946141139,10.0,7.99854356966145,5.0,5.23148734088357
76.0,75.99302203877951,68.0,61.97122013636313,69.0,70.99436788477594,29.89,29.75186207248254,5.0,7.913135980837586,5.0,6.62917393567214
41.0,56.9002122541686,27.0,39.78521917707455,54.0,57.88205419984567,30.58,30.43485648157381,10.0,9.645863805438957,9.0,3.3021887569434316
84.0,82.09082323195587,70.0,67.56834637238812,66.0,67.0235702993546,29.89,29.82141791222442,10.0,9.425182939250922,7.0,6.044671095480767
55.0,65.5645977735133,33.0,46.97875552108992,45.0,59.031315697460506,30.02,29.688088567768716,10.0,9.542203907424701,4.0,3.9712840605023123
52.0,57.43351071412229,37.0,44.89868663730746,61.0,66.230633966343,30.38,30.20235182896636,10.0,9.28674692435654,1.0,3.943510493830158
72.0,79.2925483723022,70.0,60.6983574998885,87.0,62.049685878142625,29.84,29.616274725397545,5.0,9.065384133932442,7.0,7.23465567369867
72.0,72.22282209312752,58.0,59.857445229683904,65.0,67.70051201808856,30.02,30.114199181726416,10.0,9.536505855495518,2.0,3.33684496499763
86.0,86.02679335223405,64.0,70.22224817489756,56.0,64.76000301157723,30.01,30.021195617962874,10.0,9.799934163406816,4.0,4.343691983577606
82.0,79.8034141875189,73.0,69.74649291027966,82.0,76.85664327437351,29.95,29.82341704699709,10.0,8.253248631945452,4.0,5.503168408289898
76.0,74.30607770203706,62.0,60.337354305691534,71.0,69.78246023677652,29.84,29.94735426410324,10.0,7.739940061430778,6.0,5.295332836281334
